,#CHROM,POS,ID,REF,ALT,A1,TEST,OBS_CT,BETA,SE,L95,U95,T_STAT,P,ERRCODE,RSID,GENE_NAME
3,7,78499757,chr7:78499757:A:G,G,A,A,ADD,3025,0.660014,0.127233,0.410643,0.909386,5.18745,2.27337e-07,.,rs521851,MAGI2
25,11,1840954,chr11:1840954:C:T,C,T,T,ADD,3025,0.417951,0.083389,0.254512,0.58139,5.01207,5.69668e-07,.,rs7481661,intergenic
62,14,83259295,chr14:83259295:G:T,G,T,T,ADD,3025,1.67073,0.363147,0.958977,2.38249,4.6007,4.38488e-06,.,rs150236961,AL355095.1
86,11,63892301,chr11:63892301:T:C,C,T,T,ADD,3025,-0.405239,0.090252,-0.582129,-0.228348,-4.49008,7.38745e-06,.,rs683686,MACROD1
