,#CHROM,POS,ID,REF,ALT,A1,FIRTH?,TEST,OBS_CT,OR,LOG(OR)_SE,L95,U95,Z_STAT,P,ERRCODE,RSID,GENE_NAME
41,5,61097055,chr5:61097055:C:T,C,T,T,N,ADD,2654,1.69987,0.118742,1.34692,2.1453,4.4681,7.8916e-06,.,rs17456587,intergenic
45,9,9277544,chr9:9277544:G:A,G,A,A,N,ADD,2654,2.1983,0.17657,1.55521,3.1073,4.46101,8.15729e-06,.,rs76276550,PTPRD
