,#CHROM,POS,ID,REF,ALT,A1,FIRTH?,TEST,OBS_CT,OR,LOG(OR)_SE,L95,U95,Z_STAT,P,ERRCODE,RSID,GENE_NAME
89,12,6709945,chr12:6709945:G:A,G,A,A,N,ADD,3025,0.696833,0.0803765,0.595267,0.815727,-4.49398,6.99047e-06,.,rs12816349,"CHD4,AC006064.6"
112,5,174955746,chr5:174955746:G:C,C,G,G,N,ADD,3025,0.748517,0.0653841,0.658486,0.850857,-4.43015,9.41689e-06,.,rs273077,SFXN1
