,#CHROM,POS,ID,REF,ALT,A1,TEST,OBS_CT,BETA,SE,L95,U95,T_STAT,P,ERRCODE,RSID,GENE_NAME
0,7,26455770,chr7:26455770:G:C,C,G,G,ADD,3782,0.354448,0.0722089,0.212921,0.495975,4.90865,9.55963e-07,.,rs1229674,AC004540.1
