,#CHROM,POS,ID,REF,ALT,A1,FIRTH?,TEST,OBS_CT,OR,LOG(OR)_SE,L95,U95,Z_STAT,P,ERRCODE,RSID,GENE_NAME
8,1,48197214,chr1:48197214:T:C,T,C,C,N,ADD,2923,2.92129,0.215433,1.91513,4.45607,4.97614,6.48655e-07,.,rs143958513,intergenic
42,16,89374637,chr16:89374637:C:T,C,T,T,N,ADD,2923,2.15743,0.166134,1.55784,2.9878,4.6283,3.68687e-06,.,rs35657869,ANKRD11
48,9,12356442,chr9:12356442:T:G,G,T,T,N,ADD,2923,1.37771,0.0705718,1.19974,1.58208,4.54037,5.61553e-06,.,rs12340223,intergenic
