,#CHROM,POS,ID,REF,ALT,A1,FIRTH?,TEST,OBS_CT,OR,LOG(OR)_SE,L95,U95,Z_STAT,P,ERRCODE,RSID,GENE_NAME
16,2,200775744,chr2:200775744:T:C,C,T,T,N,ADD,2882,1.41167,0.0702285,1.23014,1.61999,4.9093,9.14023e-07,.,rs1124639,AC097717.1
158,2,109600808,chr2:109600808:G:A,G,A,A,N,ADD,2882,2.51438,0.204387,1.68445,3.75324,4.51119,6.44649e-06,.,rs79844428,EDAR
