,#CHROM,POS,ID,REF,ALT,A1,FIRTH?,TEST,OBS_CT,OR,LOG(OR)_SE,L95,U95,Z_STAT,P,ERRCODE,RSID,GENE_NAME
3,2,234188015,chr2:234188015:A:AG,AG,A,A,N,ADD,3782,1.30891,0.05434,1.17668,1.45601,4.95394,7.27265e-07,.,rs5839475,ATG16L1
13,8,31743113,chr8:31743113:A:G,A,G,G,N,ADD,3782,0.774026,0.0530071,0.697647,0.858767,-4.83236,1.34924e-06,.,rs2062055,NRG1
