,#CHROM,POS,ID,REF,ALT,A1,FIRTH?,TEST,OBS_CT,OR,LOG(OR)_SE,L95,U95,Z_STAT,P,ERRCODE,RSID,GENE_NAME
37,15,81177737,chr15:81177737:C:T,C,T,T,N,ADD,3169,1.48778,0.0882184,1.25155,1.7686,4.50342,6.68694e-06,.,rs4778864,CEMIP
43,10,119529777,chr10:119529777:T:G,T,G,G,N,ADD,3169,1.32311,0.06257,1.17041,1.49574,4.47479,7.64879e-06,.,rs10886131,intergenic
48,10,124037599,chr10:124037599:G:A,G,A,A,N,ADD,3169,0.724117,0.0724287,0.628286,0.834565,-4.45682,8.31845e-06,.,rs11596483,BTBD16
