,#CHROM,POS,ID,REF,ALT,A1,TEST,OBS_CT,BETA,SE,L95,U95,T_STAT,P,ERRCODE,RSID,GENE_NAME
682,13,44270894,chr13:44270894:G:A,A,G,G,ADD,3782,0.419019,0.10533,0.212575,0.625462,3.97814,7.0765e-05,.,rs395138,ENOX1
930,16,64720943,chr16:64720943:C:T,T,C,C,ADD,3782,-0.389506,0.10007,-0.585638,-0.193373,-3.89235,0.000100998,.,rs976498,intergenic
